<?xml version="1.0" encoding="UTF-8"?>
<project version="4">
  <component name="AutoImportSettings">
    <option name="autoReloadType" value="SELECTIVE" />
  </component>
  <component name="ChangeListManager">
    <list default="true" id="e9fd2f0f-f7aa-49e3-93ae-58ef84fe850a" name="Changes" comment="" />
    <option name="SHOW_DIALOG" value="false" />
    <option name="HIGHLIGHT_CONFLICTS" value="true" />
    <option name="HIGHLIGHT_NON_ACTIVE_CHANGELIST" value="false" />
    <option name="LAST_RESOLUTION" value="IGNORE" />
  </component>
  <component name="ProjectId" id="21A2SuItPAlKrfYBpjIrlCDe79Q" />
  <component name="ProjectLevelVcsManager" settingsEditedManually="true" />
  <component name="ProjectViewState">
    <option name="hideEmptyMiddlePackages" value="true" />
    <option name="showLibraryContents" value="true" />
  </component>
  <component name="PropertiesComponent">
    <property name="RunOnceActivity.OpenProjectViewOnStart" value="true" />
    <property name="RunOnceActivity.ShowReadmeOnStart" value="true" />
    <property name="last_opened_file_path" value="$PROJECT_DIR$" />
  </component>
  <component name="SpellCheckerSettings" RuntimeDictionaries="0" Folders="0" CustomDictionaries="0" DefaultDictionary="application-level" UseSingleDictionary="true" transferred="true" />
  <component name="TaskManager">
    <task active="true" id="Default" summary="Default task">
      <changelist id="e9fd2f0f-f7aa-49e3-93ae-58ef84fe850a" name="Changes" comment="" />
      <created>1637369574711</created>
      <option name="number" value="Default" />
      <option name="presentableId" value="Default" />
      <updated>1637369574711</updated>
    </task>
    <servers />
  </component>
</project>